"iati-identifier","title","reporting-org","total-commitment","total-spend","currency","link","activity-status"
"XM-DAC-46008-cfa000866","Banco de Desarrollo Productivo S.A.M.","CAF Banco de Desarrollo de América Latina y el Caribe","13,080,000",0,"USD","https://d-portal.iatistandard.org/ctrack.html#view=act&aid=XM-DAC-46008-cfa000866",2
"XM-DAC-46008-cfa004506","COLONY LATIN AMERICA FUND I-A L.P.","CAF Banco de Desarrollo de América Latina y el Caribe","15,000,000",0,"USD","https://d-portal.iatistandard.org/ctrack.html#view=act&aid=XM-DAC-46008-cfa004506",4
"XM-DAC-46008-cfa005648","Darby Latin American Mezzanine Fund II","CAF Banco de Desarrollo de América Latina y el Caribe","15,000,000",0,"USD","https://d-portal.iatistandard.org/ctrack.html#view=act&aid=XM-DAC-46008-cfa005648",2
"XM-DAC-46008-cfa006697","TRG Latin American Private Equity Fund","CAF Banco de Desarrollo de América Latina y el Caribe","8,050,000",0,"USD","https://d-portal.iatistandard.org/ctrack.html#view=act&aid=XM-DAC-46008-cfa006697",2
"XM-DAC-46008-cfa006934","Fondo de Infraestructura Ashmore Colombia I FCP","CAF Banco de Desarrollo de América Latina y el Caribe","40,000,000",0,"USD","https://d-portal.iatistandard.org/ctrack.html#view=act&aid=XM-DAC-46008-cfa006934",2
"XM-DAC-46008-cfa007644","Fundo Finhealth I - Fundo de Investimento em Participações em Empresas Emergentes Inovadoras","CAF Banco de Desarrollo de América Latina y el Caribe","10,000,000",0,"USD","https://d-portal.iatistandard.org/ctrack.html#view=act&aid=XM-DAC-46008-cfa007644",2
"XM-DAC-46008-cfa007671","Proyecto de Rehabilitación Unidades 1 a 6 de Guri","CAF Banco de Desarrollo de América Latina y el Caribe","380,000,000",0,"USD","https://d-portal.iatistandard.org/ctrack.html#view=act&aid=XM-DAC-46008-cfa007671",2
"XM-DAC-46008-cfa007902","Programa de Rehabilitación y Optimización de las Plantas Mayores de Potabilización de Agua en la República Bolivariana de Venezuela","CAF Banco de Desarrollo de América Latina y el Caribe","150,000,000",0,"USD","https://d-portal.iatistandard.org/ctrack.html#view=act&aid=XM-DAC-46008-cfa007902",2
"XM-DAC-46008-cfa007946","Mexico Ventures I, LP","CAF Banco de Desarrollo de América Latina y el Caribe","10,040,000",0,"USD","https://d-portal.iatistandard.org/ctrack.html#view=act&aid=XM-DAC-46008-cfa007946",2
"XM-DAC-46008-cfa007990","Glisco Partners III, L.P.","CAF Banco de Desarrollo de América Latina y el Caribe","20,240,000",0,"USD","https://d-portal.iatistandard.org/ctrack.html#view=act&aid=XM-DAC-46008-cfa007990",2
"XM-DAC-46008-cfa008003","ória Tech 1 - Fundo de Investimento em Participações Multiestratégia","CAF Banco de Desarrollo de América Latina y el Caribe","10,000,000",0,"USD","https://d-portal.iatistandard.org/ctrack.html#view=act&aid=XM-DAC-46008-cfa008003",2
"XM-DAC-46008-cfa008109","Metro de Panamá II","CAF Banco de Desarrollo de América Latina y el Caribe","100,000,000",0,"USD","https://d-portal.iatistandard.org/ctrack.html#view=act&aid=XM-DAC-46008-cfa008109",4
"XM-DAC-46008-cfa008132","FONDO DE FONDOS MéXICO II, L.P.","CAF Banco de Desarrollo de América Latina y el Caribe","40,050,000",0,"USD","https://d-portal.iatistandard.org/ctrack.html#view=act&aid=XM-DAC-46008-cfa008132",2
"XM-DAC-46008-cfa008272","CAPITAL TECH II - FUNDO DE INVESTIMENTO EM PARTICIPAçõES MULTIESTRATéGIA","CAF Banco de Desarrollo de América Latina y el Caribe","8,005,000",0,"USD","https://d-portal.iatistandard.org/ctrack.html#view=act&aid=XM-DAC-46008-cfa008272",2
"XM-DAC-46008-cfa008313","Latin Renewables Infrastructure Fund, Lp","CAF Banco de Desarrollo de América Latina y el Caribe","15,250,000",0,"USD","https://d-portal.iatistandard.org/ctrack.html#view=act&aid=XM-DAC-46008-cfa008313",2
"XM-DAC-46008-cfa008349","Nexxus Capital Private Equity Fund VI","CAF Banco de Desarrollo de América Latina y el Caribe","20,450,000",0,"USD","https://d-portal.iatistandard.org/ctrack.html#view=act&aid=XM-DAC-46008-cfa008349",2
"XM-DAC-46008-cfa008379","ACTIS ENERGY 3 C FEEDER L.P","CAF Banco de Desarrollo de América Latina y el Caribe","20,000,000",0,"USD","https://d-portal.iatistandard.org/ctrack.html#view=act&aid=XM-DAC-46008-cfa008379",4
"XM-DAC-46008-cfa008390","Programa de Rehabilitación y Optimización de las Plantas Mayores de Potabilización de Agua en Venezuela - Fase II","CAF Banco de Desarrollo de América Latina y el Caribe","100,000,000",0,"USD","https://d-portal.iatistandard.org/ctrack.html#view=act&aid=XM-DAC-46008-cfa008390",2
"XM-DAC-46008-cfa008422","Construcción de la Carretera Porvenir - El Choro, Tramo I: Porvenir - Puerto Rico","CAF Banco de Desarrollo de América Latina y el Caribe","138,850,000",0,"USD","https://d-portal.iatistandard.org/ctrack.html#view=act&aid=XM-DAC-46008-cfa008422",2
"XM-DAC-46008-cfa008424","Stratus SCP II Brasil Fundo de Investimento em Participações - Multiestratégia","CAF Banco de Desarrollo de América Latina y el Caribe","10,005,000",0,"USD","https://d-portal.iatistandard.org/ctrack.html#view=act&aid=XM-DAC-46008-cfa008424",2
"XM-DAC-46008-cfa008439","INOVAçãO PAULISTA - FUNDO DE INVESTIMENTO EM PARTICIPAçõES MULTIESTRATéGIA","CAF Banco de Desarrollo de América Latina y el Caribe","10,005,000",0,"USD","https://d-portal.iatistandard.org/ctrack.html#view=act&aid=XM-DAC-46008-cfa008439",2
"XM-DAC-46008-cfa008471","Americas Energy Fund II, L.P.","CAF Banco de Desarrollo de América Latina y el Caribe","20,100,000",0,"USD","https://d-portal.iatistandard.org/ctrack.html#view=act&aid=XM-DAC-46008-cfa008471",2
"XM-DAC-46008-cfa008548","Programa de Ampliación y Modernización de la Infraestructura Educativa (PAMIE)","CAF Banco de Desarrollo de América Latina y el Caribe","100,000,000",0,"USD","https://d-portal.iatistandard.org/ctrack.html#view=act&aid=XM-DAC-46008-cfa008548",2
"XM-DAC-46008-cfa008550","Amerigo Ventures","CAF Banco de Desarrollo de América Latina y el Caribe","8,325,000",0,"USD","https://d-portal.iatistandard.org/ctrack.html#view=act&aid=XM-DAC-46008-cfa008550",2
"XM-DAC-46008-cfa008570","Northgate México A en P","CAF Banco de Desarrollo de América Latina y el Caribe","20,575,000",0,"USD","https://d-portal.iatistandard.org/ctrack.html#view=act&aid=XM-DAC-46008-cfa008570",2
"XM-DAC-46008-cfa008604","Rehabiliatación y reconstrucción carretera Epizana - Comarapa","CAF Banco de Desarrollo de América Latina y el Caribe","132,155,000",0,"USD","https://d-portal.iatistandard.org/ctrack.html#view=act&aid=XM-DAC-46008-cfa008604",2
"XM-DAC-46008-cfa008608","CRB Bio II","CAF Banco de Desarrollo de América Latina y el Caribe","5,200,000",0,"USD","https://d-portal.iatistandard.org/ctrack.html#view=act&aid=XM-DAC-46008-cfa008608",2
"XM-DAC-46008-cfa008640","Programa de Infraestructura de Saneamiento del Norte Grande II","CAF Banco de Desarrollo de América Latina y el Caribe","90,000,000",0,"USD","https://d-portal.iatistandard.org/ctrack.html#view=act&aid=XM-DAC-46008-cfa008640",4
"XM-DAC-46008-cfa008680","Programa Sistema de Macrodrenaje del Río Baquirivu-Guaçu y Presas Duas Pontes y Pedreira","CAF Banco de Desarrollo de América Latina y el Caribe","204,000,000",0,"USD","https://d-portal.iatistandard.org/ctrack.html#view=act&aid=XM-DAC-46008-cfa008680",4
"XM-DAC-46008-cfa008700","Proyecto SABIAMAR","CAF Banco de Desarrollo de América Latina y el Caribe","70,000,000",0,"USD","https://d-portal.iatistandard.org/ctrack.html#view=act&aid=XM-DAC-46008-cfa008700",2
"XM-DAC-46008-cfa008729","Programa de Mejoramiento de Corredores de Integración y Reconstrucción Vial","CAF Banco de Desarrollo de América Latina y el Caribe","222,076,000",0,"USD","https://d-portal.iatistandard.org/ctrack.html#view=act&aid=XM-DAC-46008-cfa008729",2
"XM-DAC-46008-cfa008734","Programa Progresar I relacionado con el Cambio de la Matriz Productiva.","CAF Banco de Desarrollo de América Latina y el Caribe","120,000,000",0,"USD","https://d-portal.iatistandard.org/ctrack.html#view=act&aid=XM-DAC-46008-cfa008734",4
"XM-DAC-46008-cfa008741","Programa Nueva Infraestructura Educativa","CAF Banco de Desarrollo de América Latina y el Caribe","176,000,000",0,"USD","https://d-portal.iatistandard.org/ctrack.html#view=act&aid=XM-DAC-46008-cfa008741",2
"XM-DAC-46008-cfa008748","Financiera de Desarrollo Nacional","CAF Banco de Desarrollo de América Latina y el Caribe","50,000,000",0,"USD","https://d-portal.iatistandard.org/ctrack.html#view=act&aid=XM-DAC-46008-cfa008748",2
"XM-DAC-46008-cfa008779","Compañía Española de Financiación del Desarrollo (COFIDES)","CAF Banco de Desarrollo de América Latina y el Caribe","1,650,000",0,"USD","https://d-portal.iatistandard.org/ctrack.html#view=act&aid=XM-DAC-46008-cfa008779",2
"XM-DAC-46008-cfa008787","Centrales hidroeléctricas Angel I, Angel II y Angel III","CAF Banco de Desarrollo de América Latina y el Caribe","13,764,767",0,"USD","https://d-portal.iatistandard.org/ctrack.html#view=act&aid=XM-DAC-46008-cfa008787",2
"XM-DAC-46008-cfa008791","Proyecto de Optimización de la Red Hidrometeorológica Nacional","CAF Banco de Desarrollo de América Latina y el Caribe","48,000,000",0,"USD","https://d-portal.iatistandard.org/ctrack.html#view=act&aid=XM-DAC-46008-cfa008791",2
"XM-DAC-46008-cfa008793","Centrales hidroeléctricas Angel I, Angel II y Angel III","CAF Banco de Desarrollo de América Latina y el Caribe","11,389,679",0,"USD","https://d-portal.iatistandard.org/ctrack.html#view=act&aid=XM-DAC-46008-cfa008793",2
"XM-DAC-46008-cfa008794","Centrales hidroeléctricas Angel I, Angel II y Angel III","CAF Banco de Desarrollo de América Latina y el Caribe","12,145,554",0,"USD","https://d-portal.iatistandard.org/ctrack.html#view=act&aid=XM-DAC-46008-cfa008794",2
"XM-DAC-46008-cfa008868","Partners Group Mexican Energy Infraestructure 2014 Lp","CAF Banco de Desarrollo de América Latina y el Caribe","15,150,000",0,"USD","https://d-portal.iatistandard.org/ctrack.html#view=act&aid=XM-DAC-46008-cfa008868",2
"XM-DAC-46008-cfa008889","Aurus Capital S.A. (FIP Aurus Ventures III y III – B)","CAF Banco de Desarrollo de América Latina y el Caribe","5,025,000",0,"USD","https://d-portal.iatistandard.org/ctrack.html#view=act&aid=XM-DAC-46008-cfa008889",2
"XM-DAC-46008-cfa008919","Programa para el Desarrollo de la Infraestructura Destinada a Promover la Capacidad Emprendedora","CAF Banco de Desarrollo de América Latina y el Caribe","70,000,000",0,"USD","https://d-portal.iatistandard.org/ctrack.html#view=act&aid=XM-DAC-46008-cfa008919",2
"XM-DAC-46008-cfa008945","Programa de Infraestructura Universitaria II - Fase B","CAF Banco de Desarrollo de América Latina y el Caribe","100,000,000",0,"USD","https://d-portal.iatistandard.org/ctrack.html#view=act&aid=XM-DAC-46008-cfa008945",2
"XM-DAC-46008-cfa008949","Primera Línea del Metro de Quito","CAF Banco de Desarrollo de América Latina y el Caribe","252,800,000",0,"USD","https://d-portal.iatistandard.org/ctrack.html#view=act&aid=XM-DAC-46008-cfa008949",4
"XM-DAC-46008-cfa009103","Caf Asset Management Corp.","CAF Banco de Desarrollo de América Latina y el Caribe","5,000,000",0,"USD","https://d-portal.iatistandard.org/ctrack.html#view=act&aid=XM-DAC-46008-cfa009103",2
"XM-DAC-46008-cfa009120","Talde Capital de Crecimiento Fondo de Capital Riesgo","CAF Banco de Desarrollo de América Latina y el Caribe","4,050,000",0,"USD","https://d-portal.iatistandard.org/ctrack.html#view=act&aid=XM-DAC-46008-cfa009120",2
"XM-DAC-46008-cfa009204","Proyecto de Construcción, Modernización y Optimización de la Infraestructura de los Sistemas de Abastecimiento de Agua Potable a Nivel Nacional","CAF Banco de Desarrollo de América Latina y el Caribe","68,250,000",0,"USD","https://d-portal.iatistandard.org/ctrack.html#view=act&aid=XM-DAC-46008-cfa009204",2
"XM-DAC-46008-cfa009211","Cable sublacustre en Lago de Maracaibo","CAF Banco de Desarrollo de América Latina y el Caribe","200,000,000",0,"USD","https://d-portal.iatistandard.org/ctrack.html#view=act&aid=XM-DAC-46008-cfa009211",2
"XM-DAC-46008-cfa009225","Proyecto de Saneamiento y Control de Nivel del Lago de Valencia","CAF Banco de Desarrollo de América Latina y el Caribe","100,000,000",0,"USD","https://d-portal.iatistandard.org/ctrack.html#view=act&aid=XM-DAC-46008-cfa009225",2
"XM-DAC-46008-cfa009238","Proyecto de Saneamiento de la Ciudad y Bahía de Panamá - Segundo Módulo Planta de Tratamiento de Aguas Residuales","CAF Banco de Desarrollo de América Latina y el Caribe","110,000,000",0,"USD","https://d-portal.iatistandard.org/ctrack.html#view=act&aid=XM-DAC-46008-cfa009238",2
"XM-DAC-46008-cfa009272","Construccion de la Carretera Doble Via Santa Cruz - Warnes","CAF Banco de Desarrollo de América Latina y el Caribe","86,150,000",0,"USD","https://d-portal.iatistandard.org/ctrack.html#view=act&aid=XM-DAC-46008-cfa009272",2
"XM-DAC-46008-cfa009282","Fondo de Deuda Senior Colombia Cafam Ashmore I","CAF Banco de Desarrollo de América Latina y el Caribe","50,000,000",0,"USD","https://d-portal.iatistandard.org/ctrack.html#view=act&aid=XM-DAC-46008-cfa009282",2
"XM-DAC-46008-cfa009331","Fondo Ashmore Andino II – FCP","CAF Banco de Desarrollo de América Latina y el Caribe","5,250,000",0,"USD","https://d-portal.iatistandard.org/ctrack.html#view=act&aid=XM-DAC-46008-cfa009331",2
"XM-DAC-46008-cfa009458","Programa de Desarrollo de Nuevas áreas de Riego en Argentina - Etapa II","CAF Banco de Desarrollo de América Latina y el Caribe","40,000,000",0,"USD","https://d-portal.iatistandard.org/ctrack.html#view=act&aid=XM-DAC-46008-cfa009458",2
"XM-DAC-46008-cfa009481","Programa Organicidade e Requalificação do Espaço Urbano, do Lazer, do acesso e Mobilidade (ORLA POA)","CAF Banco de Desarrollo de América Latina y el Caribe","92,000,000",0,"USD","https://d-portal.iatistandard.org/ctrack.html#view=act&aid=XM-DAC-46008-cfa009481",4
"XM-DAC-46008-cfa009482","Proyecto Tercera Etapa de Redes de Alcantarillado Sanitario en San Miguelito y Panamá Norte II","CAF Banco de Desarrollo de América Latina y el Caribe","45,000,000",0,"USD","https://d-portal.iatistandard.org/ctrack.html#view=act&aid=XM-DAC-46008-cfa009482",2
"XM-DAC-46008-cfa009545","Proyecto de Construcción de la Doble Via Caracollo-Colomi Tramo 2B: Confital-Bombeo","CAF Banco de Desarrollo de América Latina y el Caribe","176,000,000",0,"USD","https://d-portal.iatistandard.org/ctrack.html#view=act&aid=XM-DAC-46008-cfa009545",2
"XM-DAC-46008-cfa009609","Programa de dinamización turística del destino Salar de Uyuni y Lagunas de Colores","CAF Banco de Desarrollo de América Latina y el Caribe","18,500,000",0,"USD","https://d-portal.iatistandard.org/ctrack.html#view=act&aid=XM-DAC-46008-cfa009609",2
"XM-DAC-46008-cfa009660","Construcción Carretera KM25-Tarata-Anzaldo-Río Caine","CAF Banco de Desarrollo de América Latina y el Caribe","72,000,000",0,"USD","https://d-portal.iatistandard.org/ctrack.html#view=act&aid=XM-DAC-46008-cfa009660",2
"XM-DAC-46008-cfa009731","Darby Latin American Debt Fund III","CAF Banco de Desarrollo de América Latina y el Caribe","10,000,000",0,"USD","https://d-portal.iatistandard.org/ctrack.html#view=act&aid=XM-DAC-46008-cfa009731",2
"XM-DAC-46008-cfa009757","Programa Más Inversión para el Riego II - Mejora del Riego Tradicional y Tecnificado (MIRIEGO II)","CAF Banco de Desarrollo de América Latina y el Caribe","70,000,000",0,"USD","https://d-portal.iatistandard.org/ctrack.html#view=act&aid=XM-DAC-46008-cfa009757",2
"XM-DAC-46008-cfa009759","Programa de Presas","CAF Banco de Desarrollo de América Latina y el Caribe","61,000,000",0,"USD","https://d-portal.iatistandard.org/ctrack.html#view=act&aid=XM-DAC-46008-cfa009759",2
"XM-DAC-46008-cfa009854","Proyecto de Gestión de Aguas Residuales para Burunga y Arraiján Cabecera, Panamá","CAF Banco de Desarrollo de América Latina y el Caribe","95,000,000",0,"USD","https://d-portal.iatistandard.org/ctrack.html#view=act&aid=XM-DAC-46008-cfa009854",2
"XM-DAC-46008-cfa009919","Programa de Desarrollo Turístico de Catamarca","CAF Banco de Desarrollo de América Latina y el Caribe","13,000,000",0,"USD","https://d-portal.iatistandard.org/ctrack.html#view=act&aid=XM-DAC-46008-cfa009919",4
"XM-DAC-46008-cfa010048","Programa de Infraestrutura Urbana de São Bernardo do Campo (PROINFRA)","CAF Banco de Desarrollo de América Latina y el Caribe","125,000,000",0,"USD","https://d-portal.iatistandard.org/ctrack.html#view=act&aid=XM-DAC-46008-cfa010048",4
"XM-DAC-46008-cfa010059","Programa de Rehabilitación de Infraestructura en la Provincia de Buenos Aires","CAF Banco de Desarrollo de América Latina y el Caribe","10,000,000",0,"USD","https://d-portal.iatistandard.org/ctrack.html#view=act&aid=XM-DAC-46008-cfa010059",2
"XM-DAC-46008-cfa010061","Proyecto Implementación del Plan de Manejo Integral de la Cuenca del Río Luján - Etapa I","CAF Banco de Desarrollo de América Latina y el Caribe","100,000,000",0,"USD","https://d-portal.iatistandard.org/ctrack.html#view=act&aid=XM-DAC-46008-cfa010061",2
"XM-DAC-46008-cfa010099","Programa Integral del Hábitat","CAF Banco de Desarrollo de América Latina y el Caribe","75,000,000",0,"USD","https://d-portal.iatistandard.org/ctrack.html#view=act&aid=XM-DAC-46008-cfa010099",2
"XM-DAC-46008-cfa010180","Belgrano Sur I","CAF Banco de Desarrollo de América Latina y el Caribe","55,000,000",0,"USD","https://d-portal.iatistandard.org/ctrack.html#view=act&aid=XM-DAC-46008-cfa010180",2
"XM-DAC-46008-cfa010199","Habilitación de la Red Vial Pavimentada, Departamentos de Cordillera, Paraguarí, Caaguazú, Guairá y Caazapá. VIAL 2","CAF Banco de Desarrollo de América Latina y el Caribe","100,000,000",0,"USD","https://d-portal.iatistandard.org/ctrack.html#view=act&aid=XM-DAC-46008-cfa010199",2
"XM-DAC-46008-cfa010209","Proyecto Construcción de Planta Potabilizadora en los Partidos de La Plata, Berisso y Ensenada","CAF Banco de Desarrollo de América Latina y el Caribe","119,000,000",0,"USD","https://d-portal.iatistandard.org/ctrack.html#view=act&aid=XM-DAC-46008-cfa010209",2
"XM-DAC-46008-cfa010298","Terminal Portuario Paracas","CAF Banco de Desarrollo de América Latina y el Caribe","50,000,000",0,"USD","https://d-portal.iatistandard.org/ctrack.html#view=act&aid=XM-DAC-46008-cfa010298",2
"XM-DAC-46008-cfa010352","FOR - Programa Aldeia da Praia - Ciudad de Fortaleza con Futuro","CAF Banco de Desarrollo de América Latina y el Caribe","83,250,000",0,"USD","https://d-portal.iatistandard.org/ctrack.html#view=act&aid=XM-DAC-46008-cfa010352",4
"XM-DAC-46008-cfa010362","Parque Eólicos Villalonga y Chubut Norte","CAF Banco de Desarrollo de América Latina y el Caribe","7,931,550",0,"USD","https://d-portal.iatistandard.org/ctrack.html#view=act&aid=XM-DAC-46008-cfa010362",2
"XM-DAC-46008-cfa010449","Programa de Gestión de Aguas Residuales de Burunga y Arraiján Cabecera - Proyecto 1","CAF Banco de Desarrollo de América Latina y el Caribe","75,000,000",0,"USD","https://d-portal.iatistandard.org/ctrack.html#view=act&aid=XM-DAC-46008-cfa010449",2
"XM-DAC-46008-cfa010454","Programa de Gestión de Aguas Residuales de los Distritos de Arraiján y La Chorrera - Proyecto 2","CAF Banco de Desarrollo de América Latina y el Caribe","50,000,000",0,"USD","https://d-portal.iatistandard.org/ctrack.html#view=act&aid=XM-DAC-46008-cfa010454",2
"XM-DAC-46008-cfa010491","TER- Programa de Desarrolo Urbano Integrado Teresina","CAF Banco de Desarrollo de América Latina y el Caribe","45,982,660",0,"USD","https://d-portal.iatistandard.org/ctrack.html#view=act&aid=XM-DAC-46008-cfa010491",2
"XM-DAC-46008-cfa010505","Programa Ambiental y de Optimización Vial","CAF Banco de Desarrollo de América Latina y el Caribe","70,000,000",0,"USD","https://d-portal.iatistandard.org/ctrack.html#view=act&aid=XM-DAC-46008-cfa010505",2
"XM-DAC-46008-cfa010521","Programa de Infraestructura Integrada","CAF Banco de Desarrollo de América Latina y el Caribe","80,000,000",0,"USD","https://d-portal.iatistandard.org/ctrack.html#view=act&aid=XM-DAC-46008-cfa010521",2
"XM-DAC-46008-cfa010524","Parque Eólicos Villalonga y Chubut Norte","CAF Banco de Desarrollo de América Latina y el Caribe","19,650,858",0,"USD","https://d-portal.iatistandard.org/ctrack.html#view=act&aid=XM-DAC-46008-cfa010524",2
"XM-DAC-46008-cfa010613","Proyecto de Mejoramiento del Sistema de Transmisión y de Distribución de Electricidad del Sistema Metropolitano de Paraguay (Fase II)","CAF Banco de Desarrollo de América Latina y el Caribe","150,000,000",0,"USD","https://d-portal.iatistandard.org/ctrack.html#view=act&aid=XM-DAC-46008-cfa010613",4
"XM-DAC-46008-cfa010628","Programa de Rehabilitación y Mantenimiento de Rutas Pavimentadas - VIAL 3","CAF Banco de Desarrollo de América Latina y el Caribe","100,000,000",0,"USD","https://d-portal.iatistandard.org/ctrack.html#view=act&aid=XM-DAC-46008-cfa010628",2
"XM-DAC-46008-cfa010634","Programa de Revitalización Urbana en Barrios de Maceió","CAF Banco de Desarrollo de América Latina y el Caribe","70,000,000",0,"USD","https://d-portal.iatistandard.org/ctrack.html#view=act&aid=XM-DAC-46008-cfa010634",4
"XM-DAC-46008-cfa010639","Programa de Recalificación Urbanística de Salvador","CAF Banco de Desarrollo de América Latina y el Caribe","60,700,000",0,"USD","https://d-portal.iatistandard.org/ctrack.html#view=act&aid=XM-DAC-46008-cfa010639",2
"XM-DAC-46008-cfa010641","Programa de Recalificación Urbana de Palmas","CAF Banco de Desarrollo de América Latina y el Caribe","60,870,000",0,"USD","https://d-portal.iatistandard.org/ctrack.html#view=act&aid=XM-DAC-46008-cfa010641",2
"XM-DAC-46008-cfa010675","Programa Nacional de Inversiones para la Infraestructura de la Red Vial","CAF Banco de Desarrollo de América Latina y el Caribe","75,000,000",0,"USD","https://d-portal.iatistandard.org/ctrack.html#view=act&aid=XM-DAC-46008-cfa010675",2
"XM-DAC-46008-cfa010689","Programa Municipios Sostenibles","CAF Banco de Desarrollo de América Latina y el Caribe","50,000,000",0,"USD","https://d-portal.iatistandard.org/ctrack.html#view=act&aid=XM-DAC-46008-cfa010689",2
"XM-DAC-46008-cfa010703","Programa de Desarrollo Vial Regional IV","CAF Banco de Desarrollo de América Latina y el Caribe","70,000,000",0,"USD","https://d-portal.iatistandard.org/ctrack.html#view=act&aid=XM-DAC-46008-cfa010703",2
"XM-DAC-46008-cfa010713","Programa Panamá Bilingüe","CAF Banco de Desarrollo de América Latina y el Caribe","55,000,000",0,"USD","https://d-portal.iatistandard.org/ctrack.html#view=act&aid=XM-DAC-46008-cfa010713",2
"XM-DAC-46008-cfa010726","Autopista al Mar 1","CAF Banco de Desarrollo de América Latina y el Caribe","43,269,184",0,"USD","https://d-portal.iatistandard.org/ctrack.html#view=act&aid=XM-DAC-46008-cfa010726",2
"XM-DAC-46008-cfa010730","Programa de Mantenimiento y Conservación Vial por Resultados","CAF Banco de Desarrollo de América Latina y el Caribe","192,000,000",0,"USD","https://d-portal.iatistandard.org/ctrack.html#view=act&aid=XM-DAC-46008-cfa010730",2
"XM-DAC-46008-cfa010751","Internet Para Todos, S.A.C.","CAF Banco de Desarrollo de América Latina y el Caribe","18,125,000",0,"USD","https://d-portal.iatistandard.org/ctrack.html#view=act&aid=XM-DAC-46008-cfa010751",2
"XM-DAC-46008-cfa010784","Programa de Renovación de la Facultad de Ciencias Naturales, Exactas y Tecnología de la Universidad de Panamá","CAF Banco de Desarrollo de América Latina y el Caribe","27,000,000",0,"USD","https://d-portal.iatistandard.org/ctrack.html#view=act&aid=XM-DAC-46008-cfa010784",2
"XM-DAC-46008-cfa010801","Programa de Saneamiento Ambiental para el Desarrollo Comunitario - PROMADEC IV","CAF Banco de Desarrollo de América Latina y el Caribe","100,000,000",0,"USD","https://d-portal.iatistandard.org/ctrack.html#view=act&aid=XM-DAC-46008-cfa010801",2
"XM-DAC-46008-cfa010823","PPP Circuito Vial 3","CAF Banco de Desarrollo de América Latina y el Caribe","11,612,377",0,"USD","https://d-portal.iatistandard.org/ctrack.html#view=act&aid=XM-DAC-46008-cfa010823",2
"XM-DAC-46008-cfa010824","Programa de Integración y Desarrollo Urbano, Social y Ambiental del Municipio de Camaçari","CAF Banco de Desarrollo de América Latina y el Caribe","80,000,000",0,"USD","https://d-portal.iatistandard.org/ctrack.html#view=act&aid=XM-DAC-46008-cfa010824",2
"XM-DAC-46008-cfa010852","Programa de Fortalecimiento de Transmisión del SIN y de Distribución Eléctrica Rural","CAF Banco de Desarrollo de América Latina y el Caribe","170,000,000",0,"USD","https://d-portal.iatistandard.org/ctrack.html#view=act&aid=XM-DAC-46008-cfa010852",2
"XM-DAC-46008-cfa010938","Proyecto Metro de São Paulo - Línea 17 - Oro - Tramo 1","CAF Banco de Desarrollo de América Latina y el Caribe","296,000,000",0,"USD","https://d-portal.iatistandard.org/ctrack.html#view=act&aid=XM-DAC-46008-cfa010938",4
"XM-DAC-46008-cfa010973","Sistema Integrado de Movilidad de Contagem","CAF Banco de Desarrollo de América Latina y el Caribe","42,000,000",0,"USD","https://d-portal.iatistandard.org/ctrack.html#view=act&aid=XM-DAC-46008-cfa010973",2
"XM-DAC-46008-cfa010989","Programa de Apoyo a la Agenda Urbana y a la Política de Hábitat del Ecuador","CAF Banco de Desarrollo de América Latina y el Caribe","203,000,000",0,"USD","https://d-portal.iatistandard.org/ctrack.html#view=act&aid=XM-DAC-46008-cfa010989",2
"XM-DAC-46008-cfa011016","JACAREí - Programa de Movilidad y Recalificación Urbana","CAF Banco de Desarrollo de América Latina y el Caribe","60,000,000",0,"USD","https://d-portal.iatistandard.org/ctrack.html#view=act&aid=XM-DAC-46008-cfa011016",2
"XM-DAC-46008-cfa011022","Programa de Movilidad Urbana y Salud Pública","CAF Banco de Desarrollo de América Latina y el Caribe","82,500,000",0,"USD","https://d-portal.iatistandard.org/ctrack.html#view=act&aid=XM-DAC-46008-cfa011022",2
"XM-DAC-46008-cfa011052","Programa de agua y saneamiento rural Buenaventura","CAF Banco de Desarrollo de América Latina y el Caribe","76,000,000",0,"USD","https://d-portal.iatistandard.org/ctrack.html#view=act&aid=XM-DAC-46008-cfa011052",2
"XM-DAC-46008-cfa011054","Programa de Reestructuración Vial en la Cuenca del Ribeirão Santo Antonio de Aparecida de Goiania","CAF Banco de Desarrollo de América Latina y el Caribe","35,000,000",0,"USD","https://d-portal.iatistandard.org/ctrack.html#view=act&aid=XM-DAC-46008-cfa011054",4
"XM-DAC-46008-cfa011057","Planta de tratamiento de aguas residuales Guangarcucho - Cuenca","CAF Banco de Desarrollo de América Latina y el Caribe","34,122,000",0,"USD","https://d-portal.iatistandard.org/ctrack.html#view=act&aid=XM-DAC-46008-cfa011057",2
"XM-DAC-46008-cfa011060","Araguaina (Tocantins) - Proyecto de Saneamiento Integrado","CAF Banco de Desarrollo de América Latina y el Caribe","54,900,000",0,"USD","https://d-portal.iatistandard.org/ctrack.html#view=act&aid=XM-DAC-46008-cfa011060",2
"XM-DAC-46008-cfa011063","Programa SANEAR Santo Andre","CAF Banco de Desarrollo de América Latina y el Caribe","50,000,000",0,"USD","https://d-portal.iatistandard.org/ctrack.html#view=act&aid=XM-DAC-46008-cfa011063",2
"XM-DAC-46008-cfa011072","Programa de Rehabilitación de la Infraestructura de Agua Potable","CAF Banco de Desarrollo de América Latina y el Caribe","10,000,000",0,"USD","https://d-portal.iatistandard.org/ctrack.html#view=act&aid=XM-DAC-46008-cfa011072",4
"XM-DAC-46008-cfa011100","PPP Infraestructura Educativa 2","CAF Banco de Desarrollo de América Latina y el Caribe","5,174,858",0,"USD","https://d-portal.iatistandard.org/ctrack.html#view=act&aid=XM-DAC-46008-cfa011100",2
"XM-DAC-46008-cfa011175","Belgrano Sur II","CAF Banco de Desarrollo de América Latina y el Caribe","150,000,000",0,"USD","https://d-portal.iatistandard.org/ctrack.html#view=act&aid=XM-DAC-46008-cfa011175",2
"XM-DAC-46008-cfa011177","Prog de intervención en Villas de Buenos Aires","CAF Banco de Desarrollo de América Latina y el Caribe","100,000,000",0,"USD","https://d-portal.iatistandard.org/ctrack.html#view=act&aid=XM-DAC-46008-cfa011177",2
"XM-DAC-46008-cfa011189","Proyecto Construcción Acueducto Río Colorado – Bahía Blanca, Etapa II","CAF Banco de Desarrollo de América Latina y el Caribe","130,000,000",0,"USD","https://d-portal.iatistandard.org/ctrack.html#view=act&aid=XM-DAC-46008-cfa011189",2
"XM-DAC-46008-cfa011191","Programa Federal de Infraestructura Regional","CAF Banco de Desarrollo de América Latina y el Caribe","300,000,000",0,"USD","https://d-portal.iatistandard.org/ctrack.html#view=act&aid=XM-DAC-46008-cfa011191",2
"XM-DAC-46008-cfa011196","Línea emergencia COVID-19","CAF Banco de Desarrollo de América Latina y el Caribe","50,000,000",0,"USD","https://d-portal.iatistandard.org/ctrack.html#view=act&aid=XM-DAC-46008-cfa011196",2
"XM-DAC-46008-cfa011218","Programa Estructura Alagoas","CAF Banco de Desarrollo de América Latina y el Caribe","136,230,000",0,"USD","https://d-portal.iatistandard.org/ctrack.html#view=act&aid=XM-DAC-46008-cfa011218",2
"XM-DAC-46008-cfa011297","SBC - Programa Prosabs","CAF Banco de Desarrollo de América Latina y el Caribe","80,000,000",0,"USD","https://d-portal.iatistandard.org/ctrack.html#view=act&aid=XM-DAC-46008-cfa011297",2
"XM-DAC-46008-cfa011299","MDC - Programa Mais Mogi Ecotietê","CAF Banco de Desarrollo de América Latina y el Caribe","69,439,000",0,"USD","https://d-portal.iatistandard.org/ctrack.html#view=act&aid=XM-DAC-46008-cfa011299",2
"XM-DAC-46008-cfa011318","Programa de Macrodrenaje y Control de Inundaciones del Río Baquirivu-Guaçu en Guarulhos","CAF Banco de Desarrollo de América Latina y el Caribe","96,000,000",0,"USD","https://d-portal.iatistandard.org/ctrack.html#view=act&aid=XM-DAC-46008-cfa011318",2
"XM-DAC-46008-cfa011342","Proyecto Implementación del Plan de Manejo Integral de la Cuenca del Río Luján - Etapa II","CAF Banco de Desarrollo de América Latina y el Caribe","120,000,000",0,"USD","https://d-portal.iatistandard.org/ctrack.html#view=act&aid=XM-DAC-46008-cfa011342",2
"XM-DAC-46008-cfa011346","Programa Regional de Transporte Eléctrico de la Provincia de Buenos Aires","CAF Banco de Desarrollo de América Latina y el Caribe","100,000,000","51,837,416","USD","https://d-portal.iatistandard.org/ctrack.html#view=act&aid=XM-DAC-46008-cfa011346",2
"XM-DAC-46008-cfa011408","Proyecto Construcción de Accesos Viales al Segundo Puente con Brasil","CAF Banco de Desarrollo de América Latina y el Caribe","212,000,000",0,"USD","https://d-portal.iatistandard.org/ctrack.html#view=act&aid=XM-DAC-46008-cfa011408",2
"XM-DAC-46008-cfa011411","Programa de Conectividad Vial e Infraestructura Productiva para la Provincia de Buenos Aires","CAF Banco de Desarrollo de América Latina y el Caribe","50,000,000",0,"USD","https://d-portal.iatistandard.org/ctrack.html#view=act&aid=XM-DAC-46008-cfa011411",4
"XM-DAC-46008-cfa011447","PPP Circuito Vial 7","CAF Banco de Desarrollo de América Latina y el Caribe","2,647,316",0,"USD","https://d-portal.iatistandard.org/ctrack.html#view=act&aid=XM-DAC-46008-cfa011447",2
"XM-DAC-46008-cfa011456","Plan de Transformación y Mejora integral del INADEH","CAF Banco de Desarrollo de América Latina y el Caribe","50,000,000",0,"USD","https://d-portal.iatistandard.org/ctrack.html#view=act&aid=XM-DAC-46008-cfa011456",2
"XM-DAC-46008-cfa011459","Programa de Mejoramiento de la Conectividad Vial Territorial del Neuquén","CAF Banco de Desarrollo de América Latina y el Caribe","75,000,000",0,"USD","https://d-portal.iatistandard.org/ctrack.html#view=act&aid=XM-DAC-46008-cfa011459",2
"XM-DAC-46008-cfa011489","Programa de Infraestructura Vial para la Competitividad Regional Fase 1-PROREGION 1","CAF Banco de Desarrollo de América Latina y el Caribe","233,315,820",0,"USD","https://d-portal.iatistandard.org/ctrack.html#view=act&aid=XM-DAC-46008-cfa011489",2
"XM-DAC-46008-cfa011497","Programa Cuenca Unida","CAF Banco de Desarrollo de América Latina y el Caribe","48,000,000",0,"USD","https://d-portal.iatistandard.org/ctrack.html#view=act&aid=XM-DAC-46008-cfa011497",2
"XM-DAC-46008-cfa011501","Proyecto de Desarrollo y Fabricación del Sistema Satelital Geoestacionario de Telecomunicaciones Segunda Generación: Satélite ARSAT-SG1","CAF Banco de Desarrollo de América Latina y el Caribe","243,800,000",0,"USD","https://d-portal.iatistandard.org/ctrack.html#view=act&aid=XM-DAC-46008-cfa011501",2
"XM-DAC-46008-cfa011545","Proyecto de Mejoramiento de la Infraestructura Escolar: ""Vuelta al Aula""","CAF Banco de Desarrollo de América Latina y el Caribe","75,000,000",0,"USD","https://d-portal.iatistandard.org/ctrack.html#view=act&aid=XM-DAC-46008-cfa011545",2
"XM-DAC-46008-cfa011553","Programa de Desarrollo Infraestructura Municipal Etapa I","CAF Banco de Desarrollo de América Latina y el Caribe","100,000,000",0,"USD","https://d-portal.iatistandard.org/ctrack.html#view=act&aid=XM-DAC-46008-cfa011553",2
"XM-DAC-46008-cfa011585","Proyecto “Modernización del Sistema de Vigilancia de Tránsito Aéreo”","CAF Banco de Desarrollo de América Latina y el Caribe","40,410,000",0,"USD","https://d-portal.iatistandard.org/ctrack.html#view=act&aid=XM-DAC-46008-cfa011585",2
"XM-DAC-46008-cfa011652","Programa de Distribución Eléctrica Regiones Este, Centro, Sur y Norte (ANDE-6)","CAF Banco de Desarrollo de América Latina y el Caribe","250,000,000",0,"USD","https://d-portal.iatistandard.org/ctrack.html#view=act&aid=XM-DAC-46008-cfa011652",2
"XM-DAC-46008-cfa011663","Proyecto de Ampliación del Acueducto Oriental, Barrera Salinidad y Transferencia a Santo Domingo Norte","CAF Banco de Desarrollo de América Latina y el Caribe","97,266,790",0,"USD","https://d-portal.iatistandard.org/ctrack.html#view=act&aid=XM-DAC-46008-cfa011663",4
"XM-DAC-46008-cfa011677","Programa de Inclusión Digital y Transformación Educativa “Santa Fe + Conectada""","CAF Banco de Desarrollo de América Latina y el Caribe","100,000,000",0,"USD","https://d-portal.iatistandard.org/ctrack.html#view=act&aid=XM-DAC-46008-cfa011677",2
"XM-DAC-46008-cfa011686","Programa de Obras Básicas de Agua Potable (AySA) Fase IV","CAF Banco de Desarrollo de América Latina y el Caribe","245,260,000",0,"USD","https://d-portal.iatistandard.org/ctrack.html#view=act&aid=XM-DAC-46008-cfa011686",2
"XM-DAC-46008-cfa011694","Construcción Carretera Unduavi - Chulumani Tramo 2B km 7 (Santa Rosa) - Puente Villa","CAF Banco de Desarrollo de América Latina y el Caribe","44,225,000",0,"USD","https://d-portal.iatistandard.org/ctrack.html#view=act&aid=XM-DAC-46008-cfa011694",2
"XM-DAC-46008-cfa011699","Proyecto de Construcción de la Ruta Puerto Indio - Empalme Supercarretera, 61Km - Departamento de Alto Paraná - Paraguay","CAF Banco de Desarrollo de América Latina y el Caribe","100,000,000",0,"USD","https://d-portal.iatistandard.org/ctrack.html#view=act&aid=XM-DAC-46008-cfa011699",2
"XM-DAC-46008-cfa011740","Programa Integral de Vialidad, Movilidad, Agua Potable y Alcantarillado en Zonas Populares","CAF Banco de Desarrollo de América Latina y el Caribe","49,000,000",0,"USD","https://d-portal.iatistandard.org/ctrack.html#view=act&aid=XM-DAC-46008-cfa011740",4
"XM-DAC-46008-cfa011744","Programa de Corredores Logísticos de Integración","CAF Banco de Desarrollo de América Latina y el Caribe","100,000,000",0,"USD","https://d-portal.iatistandard.org/ctrack.html#view=act&aid=XM-DAC-46008-cfa011744",2
"XM-DAC-46008-cfa011746","Programa de Infraestructura Universitaria Fase IV","CAF Banco de Desarrollo de América Latina y el Caribe","75,000,000",0,"USD","https://d-portal.iatistandard.org/ctrack.html#view=act&aid=XM-DAC-46008-cfa011746",2
"XM-DAC-46008-cfa011752","PROGRAMA RUMBO A LA SOBERANíA ALIMENTARIA CON TECNOLOGíA DE RIEGO","CAF Banco de Desarrollo de América Latina y el Caribe","35,000,000",0,"USD","https://d-portal.iatistandard.org/ctrack.html#view=act&aid=XM-DAC-46008-cfa011752",2
"XM-DAC-46008-cfa011779","Programa de Obras Básicas, Primarias y Redes Secundarias del AMBA","CAF Banco de Desarrollo de América Latina y el Caribe","340,000,000",0,"USD","https://d-portal.iatistandard.org/ctrack.html#view=act&aid=XM-DAC-46008-cfa011779",2
"XM-DAC-46008-cfa011781","Programa de Ampliación y Mejora de la Infraestructura Escolar de la Provincia de Buenos Aires","CAF Banco de Desarrollo de América Latina y el Caribe","75,000,000",0,"USD","https://d-portal.iatistandard.org/ctrack.html#view=act&aid=XM-DAC-46008-cfa011781",2
"XM-DAC-46008-cfa011792","Iguatú","CAF Banco de Desarrollo de América Latina y el Caribe","38,000,000",0,"USD","https://d-portal.iatistandard.org/ctrack.html#view=act&aid=XM-DAC-46008-cfa011792",2
"XM-DAC-46008-cfa011799","Programa de apoyo al sistema vial argentino II","CAF Banco de Desarrollo de América Latina y el Caribe","75,000,000",0,"USD","https://d-portal.iatistandard.org/ctrack.html#view=act&aid=XM-DAC-46008-cfa011799",4
"XM-DAC-46008-cfa011807","Proyecto Construcción Carretera Escoma - Charazani: Tramo I Escoma - Pacobamba","CAF Banco de Desarrollo de América Latina y el Caribe","53,550,000",0,"USD","https://d-portal.iatistandard.org/ctrack.html#view=act&aid=XM-DAC-46008-cfa011807",2
"XM-DAC-46008-cfa011827","Programa de Infraestructura, Desarrollo Económico y Socioambiental del Municipio de Itapipoca","CAF Banco de Desarrollo de América Latina y el Caribe","50,000,000",0,"USD","https://d-portal.iatistandard.org/ctrack.html#view=act&aid=XM-DAC-46008-cfa011827",2
"XM-DAC-46008-cfa011840","Programa de Desarrollo y Saneamiento Ambiental de São Caetano do Sul","CAF Banco de Desarrollo de América Latina y el Caribe","50,000,000",0,"USD","https://d-portal.iatistandard.org/ctrack.html#view=act&aid=XM-DAC-46008-cfa011840",2
"XM-DAC-46008-cfa011860","Programa de Drenaje y Mitigación de Inundaciones de Trinidad.","CAF Banco de Desarrollo de América Latina y el Caribe","40,000,000",0,"USD","https://d-portal.iatistandard.org/ctrack.html#view=act&aid=XM-DAC-46008-cfa011860",2
"XM-DAC-46008-cfa011872","Programa de Saneamiento en Localidades Litoráneas de Ceará","CAF Banco de Desarrollo de América Latina y el Caribe","60,000,000",0,"USD","https://d-portal.iatistandard.org/ctrack.html#view=act&aid=XM-DAC-46008-cfa011872",2
"XM-DAC-46008-cfa011904","Programa de Infraestructura Urbana del Cantón La Libertad","CAF Banco de Desarrollo de América Latina y el Caribe","26,891,460",0,"USD","https://d-portal.iatistandard.org/ctrack.html#view=act&aid=XM-DAC-46008-cfa011904",2
"XM-DAC-46008-cfa011906","Programa de Saneamiento e Infraestructura Urbana de Juazeiro do Norte/CE","CAF Banco de Desarrollo de América Latina y el Caribe","80,000,000",0,"USD","https://d-portal.iatistandard.org/ctrack.html#view=act&aid=XM-DAC-46008-cfa011906",2
"XM-DAC-46008-cfa011994","Proyecto Construcción Carretera doble vía Oruro - Challapata Tramo I: Oruro - Cruce Vinto - Cruce Huanuni","CAF Banco de Desarrollo de América Latina y el Caribe","58,400,000",0,"USD","https://d-portal.iatistandard.org/ctrack.html#view=act&aid=XM-DAC-46008-cfa011994",2
"XM-DAC-46008-cfa011997","Proyecto Construcción Asfaltado La Joya - Chuquichambi, Huayllamarca - Totora y los puentes vehiculares La Joya y crucero RVF-031","CAF Banco de Desarrollo de América Latina y el Caribe","80,925,650",0,"USD","https://d-portal.iatistandard.org/ctrack.html#view=act&aid=XM-DAC-46008-cfa011997",2
"XM-DAC-46008-cfa011999","PROMULPRE II","CAF Banco de Desarrollo de América Latina y el Caribe","30,000,000",0,"USD","https://d-portal.iatistandard.org/ctrack.html#view=act&aid=XM-DAC-46008-cfa011999",2
"XM-DAC-46008-cfa012048","Programa Integral de Infraestructura de Servicios para el Cantón Samborondón","CAF Banco de Desarrollo de América Latina y el Caribe","26,467,000",0,"USD","https://d-portal.iatistandard.org/ctrack.html#view=act&aid=XM-DAC-46008-cfa012048",2
"XM-DAC-46008-cfa012050","Puentes de Integración I","CAF Banco de Desarrollo de América Latina y el Caribe","45,000,000",0,"USD","https://d-portal.iatistandard.org/ctrack.html#view=act&aid=XM-DAC-46008-cfa012050",2
"XM-DAC-46008-cfa012054","Saneamiento en Ciudades Intermedias","CAF Banco de Desarrollo de América Latina y el Caribe","52,292,000",0,"USD","https://d-portal.iatistandard.org/ctrack.html#view=act&aid=XM-DAC-46008-cfa012054",2
"XM-DAC-46008-cfa012056","Proyecto Instituto Técnico Superior Especializado - ITSE Fase II","CAF Banco de Desarrollo de América Latina y el Caribe","75,000,000",0,"USD","https://d-portal.iatistandard.org/ctrack.html#view=act&aid=XM-DAC-46008-cfa012056",2
"XM-DAC-46008-cfa012061","Programa de transformación del clima de negocios de El Salvador, a través de la facilitación del comercio y las inversiones","CAF Banco de Desarrollo de América Latina y el Caribe","75,000,000",0,"USD","https://d-portal.iatistandard.org/ctrack.html#view=act&aid=XM-DAC-46008-cfa012061",2
"XM-DAC-46008-cfa012064","Plan Anual de Inversión de Educación 2023 - 2025","CAF Banco de Desarrollo de América Latina y el Caribe","150,000,000",0,"USD","https://d-portal.iatistandard.org/ctrack.html#view=act&aid=XM-DAC-46008-cfa012064",2
"XM-DAC-46008-cfa012067","Proyecto Nuevo Modelo Arquitectónico de Infraestructura Educativa","CAF Banco de Desarrollo de América Latina y el Caribe","20,204,814",0,"USD","https://d-portal.iatistandard.org/ctrack.html#view=act&aid=XM-DAC-46008-cfa012067",2
"XM-DAC-46008-cfa012076","Plan anual de inversión de Salud Pública 2023 - 2025","CAF Banco de Desarrollo de América Latina y el Caribe","117,515,250",0,"USD","https://d-portal.iatistandard.org/ctrack.html#view=act&aid=XM-DAC-46008-cfa012076",2
"XM-DAC-46008-cfa012093","Programa de Realojo del Asentamiento Kennedy","CAF Banco de Desarrollo de América Latina y el Caribe","28,000,000",0,"USD","https://d-portal.iatistandard.org/ctrack.html#view=act&aid=XM-DAC-46008-cfa012093",4
"XM-DAC-46008-cfa012116","Programa de Conectividad Urbana: cruces ferroviarios a distinto nivel en la Región Metropolitana de Buenos Aires.","CAF Banco de Desarrollo de América Latina y el Caribe","75,000,000",0,"USD","https://d-portal.iatistandard.org/ctrack.html#view=act&aid=XM-DAC-46008-cfa012116",2
"XM-DAC-46008-cfa012118","Reordenamiento Institucional y Financiero de ANCAP","CAF Banco de Desarrollo de América Latina y el Caribe","300,000,000",0,"USD","https://d-portal.iatistandard.org/ctrack.html#view=act&aid=XM-DAC-46008-cfa012118",4
"XM-DAC-46008-cfa012119","Proyecto de Reforzamiento de Redes de Distribución Eléctrica para el Sector Acuícola","CAF Banco de Desarrollo de América Latina y el Caribe","200,000,000",0,"USD","https://d-portal.iatistandard.org/ctrack.html#view=act&aid=XM-DAC-46008-cfa012119",2
"XM-DAC-46008-cfa012135","DESARROLLO SUSTENTABLE EN INFRAESTRUCTURA URBANA E HIDROSANITARIA PARA COMBATIR LOS EFECTOS DEL CAMBIO CLIMATICO EN EL CANTóN CHONE","CAF Banco de Desarrollo de América Latina y el Caribe","30,000,000",0,"USD","https://d-portal.iatistandard.org/ctrack.html#view=act&aid=XM-DAC-46008-cfa012135",2
"XM-DAC-46008-cfa012147","Programa de Obras de Saneamiento del área Metropolitana de Asunción - Cuenca Mariano Roque Alonso","CAF Banco de Desarrollo de América Latina y el Caribe","160,000,000",0,"USD","https://d-portal.iatistandard.org/ctrack.html#view=act&aid=XM-DAC-46008-cfa012147",2
"XM-DAC-46008-cfa012160","Programa de Mejora de la seguridad y confiabilidad del servicio ferroviario en la Región Metropolitana de Buenos Aires","CAF Banco de Desarrollo de América Latina y el Caribe","70,000,000",0,"USD","https://d-portal.iatistandard.org/ctrack.html#view=act&aid=XM-DAC-46008-cfa012160",2
"XM-DAC-46008-cfa012200","Programa de Desarrollo Urbano y Social de Jundiaí","CAF Banco de Desarrollo de América Latina y el Caribe","64,000,000",0,"USD","https://d-portal.iatistandard.org/ctrack.html#view=act&aid=XM-DAC-46008-cfa012200",2
"XM-DAC-46008-cfa012205","Programa para la implementación de un sistema de telemedicina en El Salvador","CAF Banco de Desarrollo de América Latina y el Caribe","77,000,000",0,"USD","https://d-portal.iatistandard.org/ctrack.html#view=act&aid=XM-DAC-46008-cfa012205",4
"XM-DAC-46008-cfa012206","Proyecto Centro de Investigación y Producción en Ambiente Controlado CIPAC","CAF Banco de Desarrollo de América Latina y el Caribe","19,000,000",0,"USD","https://d-portal.iatistandard.org/ctrack.html#view=act&aid=XM-DAC-46008-cfa012206",2
"XM-DAC-46008-cfa012251","Programa de mejora ambiental, agua potable y saneamiento en la cuenca alta del río Lempa (Trifinio) y Puerto de La Libertad, en El Salvador","CAF Banco de Desarrollo de América Latina y el Caribe","25,086,876",0,"USD","https://d-portal.iatistandard.org/ctrack.html#view=act&aid=XM-DAC-46008-cfa012251",2
"XM-DAC-46008-cfa012253","Programa para el fortalecimiento de espacios públicos para la sostenibilidad de la seguridad y la recuperación del tejido social en El Salvador","CAF Banco de Desarrollo de América Latina y el Caribe","68,000,000",0,"USD","https://d-portal.iatistandard.org/ctrack.html#view=act&aid=XM-DAC-46008-cfa012253",2
"XM-DAC-46008-cfa012265","Programa Cuenca se Transforma Fase I","CAF Banco de Desarrollo de América Latina y el Caribe","50,000,000",0,"USD","https://d-portal.iatistandard.org/ctrack.html#view=act&aid=XM-DAC-46008-cfa012265",2
"XM-DAC-46008-cfa012275","Nueva Sede Universitaria de Paysandú","CAF Banco de Desarrollo de América Latina y el Caribe","6,000,000",0,"USD","https://d-portal.iatistandard.org/ctrack.html#view=act&aid=XM-DAC-46008-cfa012275",2
"XM-DAC-46008-cfa012279","Programa de apoyo a la movilidad urbana baja en emisiones","CAF Banco de Desarrollo de América Latina y el Caribe","75,000,000",0,"USD","https://d-portal.iatistandard.org/ctrack.html#view=act&aid=XM-DAC-46008-cfa012279",2
"XM-DAC-46008-cfa012302","Iniciativas Climáticamente Inteligentes para la Adaptación al Cambio Climático y la Sostenibilidad en Sistemas Productivos Agropecuarios (CSICAP)","CAF Banco de Desarrollo de América Latina y el Caribe","10,300,000",0,"USD","https://d-portal.iatistandard.org/ctrack.html#view=act&aid=XM-DAC-46008-cfa012302",2
"XM-DAC-46008-cfa012320","Proyecto de construcción Camino Norte Integrado - Yapacaní","CAF Banco de Desarrollo de América Latina y el Caribe","35,000,000",0,"USD","https://d-portal.iatistandard.org/ctrack.html#view=act&aid=XM-DAC-46008-cfa012320",2
"XM-DAC-46008-cfa012325","Programa de Infraestructura Logística Fase I","CAF Banco de Desarrollo de América Latina y el Caribe","218,670,660","21,000,000","USD","https://d-portal.iatistandard.org/ctrack.html#view=act&aid=XM-DAC-46008-cfa012325",2
"XM-DAC-46008-cfa012327","Proyecto Integral Hidrosanitario de la Zona Norte del Cantón Portoviejo y Sectores Aledaños","CAF Banco de Desarrollo de América Latina y el Caribe","50,000,000",0,"USD","https://d-portal.iatistandard.org/ctrack.html#view=act&aid=XM-DAC-46008-cfa012327",2
"XM-DAC-46008-cfa012330","Programa integral de fortalecimiento de la infraestructura urbana con enfoque a la movilidad activa, sostenibilidad, agua segura, adaptación al cambio climático y economía creativa, CAF XVI","CAF Banco de Desarrollo de América Latina y el Caribe","49,000,000",0,"USD","https://d-portal.iatistandard.org/ctrack.html#view=act&aid=XM-DAC-46008-cfa012330",2
"XM-DAC-46008-cfa012332","Programa de Desarrollo Integral de la Provincia de Pichincha","CAF Banco de Desarrollo de América Latina y el Caribe","41,000,000",0,"USD","https://d-portal.iatistandard.org/ctrack.html#view=act&aid=XM-DAC-46008-cfa012332",2
"XM-DAC-46008-cfa012334","Programa Integral de Desarrollo Productivo y Social","CAF Banco de Desarrollo de América Latina y el Caribe","50,000,000",0,"USD","https://d-portal.iatistandard.org/ctrack.html#view=act&aid=XM-DAC-46008-cfa012334",2
"XM-DAC-46008-cfa012339","Programa de conectividad vial para el desarrollo productivo de la zona Centro-Sur de la provincia de Manabí","CAF Banco de Desarrollo de América Latina y el Caribe","43,417,880",0,"USD","https://d-portal.iatistandard.org/ctrack.html#view=act&aid=XM-DAC-46008-cfa012339",2
"XM-DAC-46008-cfa012351","Santos - Programa de macrodrenagem, acessibilidade, inovação e sustentabilidade","CAF Banco de Desarrollo de América Latina y el Caribe","105,041,704",0,"USD","https://d-portal.iatistandard.org/ctrack.html#view=act&aid=XM-DAC-46008-cfa012351",2
"XM-DAC-46008-cfa012360","Saude para el Norte del Espírito Santo","CAF Banco de Desarrollo de América Latina y el Caribe","56,000,000",0,"USD","https://d-portal.iatistandard.org/ctrack.html#view=act&aid=XM-DAC-46008-cfa012360",2
"XM-DAC-46008-cfa012373","Carretera Uyuni-Hito LX: Tramos 1,2 y 3","CAF Banco de Desarrollo de América Latina y el Caribe","223,420,000",0,"USD","https://d-portal.iatistandard.org/ctrack.html#view=act&aid=XM-DAC-46008-cfa012373",2
"XM-DAC-46008-cfa012375","Programa Integral de Desarrollo Urbano del Cantón Daule","CAF Banco de Desarrollo de América Latina y el Caribe","35,000,000",0,"USD","https://d-portal.iatistandard.org/ctrack.html#view=act&aid=XM-DAC-46008-cfa012375",2
"XM-DAC-46008-cfa012391","Plan Nacional de Espacios Educativos para la vida comunitaria 2022 – 2026","CAF Banco de Desarrollo de América Latina y el Caribe","80,000,000",0,"USD","https://d-portal.iatistandard.org/ctrack.html#view=act&aid=XM-DAC-46008-cfa012391",2
"XM-DAC-46008-cfa012400","Programa Desarrollo del sector Aeronáutico de El Salvador: El Salvador vuela","CAF Banco de Desarrollo de América Latina y el Caribe","320,000,000",0,"USD","https://d-portal.iatistandard.org/ctrack.html#view=act&aid=XM-DAC-46008-cfa012400",2
"XM-DAC-46008-cfa012402","Programa de Fortalecimiento de la Soberanía de conectividad de El Salvador: Cable Submarino","CAF Banco de Desarrollo de América Latina y el Caribe","145,000,000",0,"USD","https://d-portal.iatistandard.org/ctrack.html#view=act&aid=XM-DAC-46008-cfa012402",2
"XM-DAC-46008-cfa012418","Programa de Caminos para el Desarrollo Productivo de la Provincia de Entre Ríos","CAF Banco de Desarrollo de América Latina y el Caribe","40,000,000",0,"USD","https://d-portal.iatistandard.org/ctrack.html#view=act&aid=XM-DAC-46008-cfa012418",2
"XM-DAC-46008-cfa012422","Programa de Mejora del Acceso y la Calidad Educativa (PROMACE) Etapa II","CAF Banco de Desarrollo de América Latina y el Caribe","60,000,000",0,"USD","https://d-portal.iatistandard.org/ctrack.html#view=act&aid=XM-DAC-46008-cfa012422",2
"XM-DAC-46008-cfa012430","Programa de Apoyo para la mejora de la gestión y de la preservación de la Selva Misionera","CAF Banco de Desarrollo de América Latina y el Caribe","15,000,000",0,"USD","https://d-portal.iatistandard.org/ctrack.html#view=act&aid=XM-DAC-46008-cfa012430",2
"XM-DAC-46008-cfa012442","Programa de Infraestrutura Urbana de São Bernardo do Campo (PROINFRA II)","CAF Banco de Desarrollo de América Latina y el Caribe","70,000,000",0,"USD","https://d-portal.iatistandard.org/ctrack.html#view=act&aid=XM-DAC-46008-cfa012442",2
"XM-DAC-46008-cfa012460","Proyecto Sistema Vial Integrado del Estado de Bahía Puente Salvador - Isla de Itaparica","CAF Banco de Desarrollo de América Latina y el Caribe","150,000,000",0,"USD","https://d-portal.iatistandard.org/ctrack.html#view=act&aid=XM-DAC-46008-cfa012460",2
"XM-DAC-46008-cfa012474","Programa de Equilibrio y Desarrollo Territorial de la Provincia de Neuquén","CAF Banco de Desarrollo de América Latina y el Caribe","100,000,000",0,"USD","https://d-portal.iatistandard.org/ctrack.html#view=act&aid=XM-DAC-46008-cfa012474",2
"XM-DAC-46008-cfa012483","Banco Pichincha C.A. (Préstamo A/B)","CAF Banco de Desarrollo de América Latina y el Caribe","30,000,000",0,"USD","https://d-portal.iatistandard.org/ctrack.html#view=act&aid=XM-DAC-46008-cfa012483",4
"XM-DAC-46008-cfa012503","Programa de Inovação Social para Transformação Territorial de Porto Alegre","CAF Banco de Desarrollo de América Latina y el Caribe","80,000,000",0,"USD","https://d-portal.iatistandard.org/ctrack.html#view=act&aid=XM-DAC-46008-cfa012503",2
"XM-DAC-46008-cfa012565","Programa de Inclusión Social y Territorial de Salvador","CAF Banco de Desarrollo de América Latina y el Caribe","125,000,000",0,"USD","https://d-portal.iatistandard.org/ctrack.html#view=act&aid=XM-DAC-46008-cfa012565",2
"XM-DAC-46008-cfa012572","Raíces: De la Herencia Cultural a la Innovación en Barbados","CAF Banco de Desarrollo de América Latina y el Caribe","75,000,000",0,"USD","https://d-portal.iatistandard.org/ctrack.html#view=act&aid=XM-DAC-46008-cfa012572",4
"XM-DAC-46008-cfa012596","PROGRAMA DE DESARROLLO URBANO Y RECURSOS HíDRICOS DE UBERABA","CAF Banco de Desarrollo de América Latina y el Caribe","72,000,000",0,"USD","https://d-portal.iatistandard.org/ctrack.html#view=act&aid=XM-DAC-46008-cfa012596",2
"XM-DAC-46008-cfa012613","Programa de crédito para el subsector cafetalero y fortalecimiento institucional al Banco Nacional de Desarrollo Agrícola (BANADESA)","CAF Banco de Desarrollo de América Latina y el Caribe","40,000,000",0,"USD","https://d-portal.iatistandard.org/ctrack.html#view=act&aid=XM-DAC-46008-cfa012613",2
"XM-DAC-46008-cfa012629","Programa de preinversión e inversión pública de Honduras","CAF Banco de Desarrollo de América Latina y el Caribe","70,000,000",0,"USD","https://d-portal.iatistandard.org/ctrack.html#view=act&aid=XM-DAC-46008-cfa012629",2
"XM-DAC-46008-cfa012641","Programa de Rehabilitación de Redes de Distribución Eléctrica y Reducción de Pérdidas","CAF Banco de Desarrollo de América Latina y el Caribe","75,000,000",0,"USD","https://d-portal.iatistandard.org/ctrack.html#view=act&aid=XM-DAC-46008-cfa012641",2
"XM-DAC-46008-cfa012652","Programa de Mejora y Expansión del Sistema de Saneamiento de Panamá – Primer Préstamo","CAF Banco de Desarrollo de América Latina y el Caribe","250,917,420",0,"USD","https://d-portal.iatistandard.org/ctrack.html#view=act&aid=XM-DAC-46008-cfa012652",2
"XM-DAC-46008-cfa012670","Programa de Infraestructura Vial para la Competitividad Regional PROREGION II","CAF Banco de Desarrollo de América Latina y el Caribe","200,000,000",0,"USD","https://d-portal.iatistandard.org/ctrack.html#view=act&aid=XM-DAC-46008-cfa012670",2
"XM-DAC-46008-cfa012672","Proyecto de Mejoramiento del Servicio de Transporte Urbano de Pasajeros de Trujillo","CAF Banco de Desarrollo de América Latina y el Caribe","29,000,000",0,"USD","https://d-portal.iatistandard.org/ctrack.html#view=act&aid=XM-DAC-46008-cfa012672",2
"XM-DAC-46008-cfa012680","Programa de Desarrollo Territorial de la Provincia de Río Negro","CAF Banco de Desarrollo de América Latina y el Caribe","140,000,000",0,"USD","https://d-portal.iatistandard.org/ctrack.html#view=act&aid=XM-DAC-46008-cfa012680",2
"XM-DAC-46008-cfa012689","Préstamo A/B Cálidda 2025","CAF Banco de Desarrollo de América Latina y el Caribe","500,000,000",0,"USD","https://d-portal.iatistandard.org/ctrack.html#view=act&aid=XM-DAC-46008-cfa012689",4
"XM-DAC-46008-cfa012694","Fortalecimiento de la infraestructura digital en Trinidad y Tobago","CAF Banco de Desarrollo de América Latina y el Caribe","35,000,000",0,"USD","https://d-portal.iatistandard.org/ctrack.html#view=act&aid=XM-DAC-46008-cfa012694",2
"XM-DAC-46008-cfa012700","Proyecto de Modernización del Sistema Educativo de El Salvador:","CAF Banco de Desarrollo de América Latina y el Caribe","100,000,000",0,"USD","https://d-portal.iatistandard.org/ctrack.html#view=act&aid=XM-DAC-46008-cfa012700",2
"XM-DAC-46008-cfa012704","Programa Vial 4 - Rehabilitación, mejoramiento y mantenimiento de la ruta nacional PY22, Tramo Concepción-Vallemí-San Lázaro y accesos","CAF Banco de Desarrollo de América Latina y el Caribe","135,000,000",0,"USD","https://d-portal.iatistandard.org/ctrack.html#view=act&aid=XM-DAC-46008-cfa012704",2
"XM-DAC-46008-cfa012724","?PROGRAMA DE APOYO AL DESARROLLO DEL SECTOR ENERGéTICO EN BAHAMAS","CAF Banco de Desarrollo de América Latina y el Caribe","100,000,000",0,"USD","https://d-portal.iatistandard.org/ctrack.html#view=act&aid=XM-DAC-46008-cfa012724",4
"XM-DAC-46008-cfa012760","Programa Nacional de Puentes para el Desarrollo (Mi Puente)","CAF Banco de Desarrollo de América Latina y el Caribe","110,000,000",0,"USD","https://d-portal.iatistandard.org/ctrack.html#view=act&aid=XM-DAC-46008-cfa012760",2
"XM-DAC-46008-cfa012766","Línea de Crédito No Comprometida y No Revolvente destinada al apoyo del Financiamiento de los Proyectos del Plan de Inversiones de Bogotá Distrito Capital","CAF Banco de Desarrollo de América Latina y el Caribe","170,000,000",0,"USD","https://d-portal.iatistandard.org/ctrack.html#view=act&aid=XM-DAC-46008-cfa012766",4
"XM-DAC-46008-cfa012767","Programa Presas Resilientes","CAF Banco de Desarrollo de América Latina y el Caribe","240,000,000",0,"USD","https://d-portal.iatistandard.org/ctrack.html#view=act&aid=XM-DAC-46008-cfa012767",2
"XM-DAC-46008-cfa012770","Proyecto Construcción Carretera Okinawa – Cruce RF.09 (Los Troncos)","CAF Banco de Desarrollo de América Latina y el Caribe","74,800,000",0,"USD","https://d-portal.iatistandard.org/ctrack.html#view=act&aid=XM-DAC-46008-cfa012770",2
"XM-DAC-46008-cfa012772","Construcción Camino Asfaltado Crucero - Qaqachaca - Pocoata Tramo 1 (Crucero Wiscachari)","CAF Banco de Desarrollo de América Latina y el Caribe","21,500,000",0,"USD","https://d-portal.iatistandard.org/ctrack.html#view=act&aid=XM-DAC-46008-cfa012772",2
"XM-DAC-46008-cfa012774","Construcción Camino Asfalto Crucero – Qaqachaca – Pocoata Tramo 7 (Cruce Totora - Pocoata)","CAF Banco de Desarrollo de América Latina y el Caribe","24,500,000",0,"USD","https://d-portal.iatistandard.org/ctrack.html#view=act&aid=XM-DAC-46008-cfa012774",2
"XM-DAC-46008-cfa012778","Construcción Carretera El Salto – Monteagudo, Tramo I: El Salto – Puente Limón","CAF Banco de Desarrollo de América Latina y el Caribe","67,500,000",0,"USD","https://d-portal.iatistandard.org/ctrack.html#view=act&aid=XM-DAC-46008-cfa012778",2
"XM-DAC-46008-cfa012794","Proyecto Construcción de Acueducto para el Incremento del Caudal de Agua Cruda del Sistema de Agua Potable del Cantón Montecristi","CAF Banco de Desarrollo de América Latina y el Caribe","28,000,000",0,"USD","https://d-portal.iatistandard.org/ctrack.html#view=act&aid=XM-DAC-46008-cfa012794",2
"XM-DAC-46008-cfa012796","Programa Integral de Infraestructura Sostenible de Riego y Vialidad de la Provincia de Los Ríos","CAF Banco de Desarrollo de América Latina y el Caribe","32,800,000",0,"USD","https://d-portal.iatistandard.org/ctrack.html#view=act&aid=XM-DAC-46008-cfa012796",2
"XM-DAC-46008-cfa012805","Programa de Caminos vecinales y Puentes - Fase 3","CAF Banco de Desarrollo de América Latina y el Caribe","74,200,000",0,"USD","https://d-portal.iatistandard.org/ctrack.html#view=act&aid=XM-DAC-46008-cfa012805",2
"XM-DAC-46008-cfa012811","Prog Apoyo Accion Climatica","CAF Banco de Desarrollo de América Latina y el Caribe","350,000,000",0,"USD","https://d-portal.iatistandard.org/ctrack.html#view=act&aid=XM-DAC-46008-cfa012811",4
"XM-DAC-46008-cfa012814","Programa de Apoyo a la Reactivación Ferroviaria, Movilidad Sostenible y la Eficiencia Logística en Colombia","CAF Banco de Desarrollo de América Latina y el Caribe","300,000,000",0,"USD","https://d-portal.iatistandard.org/ctrack.html#view=act&aid=XM-DAC-46008-cfa012814",4
"XM-DAC-46008-cfa012819","Programa de Enfoque Sectorial Amplio de Apoyo a la Sostenibilidad del Sector Energético","CAF Banco de Desarrollo de América Latina y el Caribe","400,000,000",0,"USD","https://d-portal.iatistandard.org/ctrack.html#view=act&aid=XM-DAC-46008-cfa012819",4
"XM-DAC-46008-cfa012829","Fase II: Expansión y desarrollo de la red de ferrocarriles en Chile","CAF Banco de Desarrollo de América Latina y el Caribe","500,000,000",0,"USD","https://d-portal.iatistandard.org/ctrack.html#view=act&aid=XM-DAC-46008-cfa012829",2
"XM-DAC-46008-cfa012845","Préstamo bajo la Línea de Crédito Contingente Regional de Apoyo Anticíclico para la Emergencia generada por el COVID-19 en Colombia","CAF Banco de Desarrollo de América Latina y el Caribe","350,303,460",0,"USD","https://d-portal.iatistandard.org/ctrack.html#view=act&aid=XM-DAC-46008-cfa012845",4
"XM-DAC-46008-cfa012846","Préstamo bajo la Línea de Crédito Contingente Regional de Apoyo Anticíclico para la Emergencia generada por el COVID-19 en Colombia","CAF Banco de Desarrollo de América Latina y el Caribe","350,000,000",0,"USD","https://d-portal.iatistandard.org/ctrack.html#view=act&aid=XM-DAC-46008-cfa012846",4
"XM-DAC-46008-cfa012850","Proyecto Refuncionalización Integral del sistema de agua potable de la ciudad de Córdoba Capital-Primera Etapa","CAF Banco de Desarrollo de América Latina y el Caribe","75,000,000",0,"USD","https://d-portal.iatistandard.org/ctrack.html#view=act&aid=XM-DAC-46008-cfa012850",2
"XM-DAC-46008-cfa012869","Programa de Fortalecimiento de la Actividad Urbana Deportiva en Santa Fe","CAF Banco de Desarrollo de América Latina y el Caribe","75,000,000",0,"USD","https://d-portal.iatistandard.org/ctrack.html#view=act&aid=XM-DAC-46008-cfa012869",2
"XM-DAC-46008-cfa012879","Construcción de Colectores, Emisarios y Planta de Tratamiento de Aguas Residuales (PTAR) Cabeza de Toro","CAF Banco de Desarrollo de América Latina y el Caribe","65,000,000",0,"USD","https://d-portal.iatistandard.org/ctrack.html#view=act&aid=XM-DAC-46008-cfa012879",2
"XM-DAC-46008-cfa012885","Programa para mejorar el acceso efectivo a los servicios de salud mental de la población en Colombia.","CAF Banco de Desarrollo de América Latina y el Caribe","150,000,000",0,"USD","https://d-portal.iatistandard.org/ctrack.html#view=act&aid=XM-DAC-46008-cfa012885",2
"XM-DAC-46008-cfa012890","Programa para la Implementación de un Sistema de Telemedicina en El Salvador – Fase II","CAF Banco de Desarrollo de América Latina y el Caribe","75,000,000",0,"USD","https://d-portal.iatistandard.org/ctrack.html#view=act&aid=XM-DAC-46008-cfa012890",2
"XM-DAC-46008-cfa012897","Programa de apoyo a la estrategia nacional de movilidad humana","CAF Banco de Desarrollo de América Latina y el Caribe","120,000,000",0,"USD","https://d-portal.iatistandard.org/ctrack.html#view=act&aid=XM-DAC-46008-cfa012897",4
"XM-DAC-46008-cfa012910","Programa de Infraestructura Educativa Resiliente y Mejora de la Enseñanza del Español como Lengua Extranjera en Trinidad y Tobago","CAF Banco de Desarrollo de América Latina y el Caribe","100,000,000",0,"USD","https://d-portal.iatistandard.org/ctrack.html#view=act&aid=XM-DAC-46008-cfa012910",2
"XM-DAC-46008-cfa902404","Vinci Climate Change A, LP","CAF Banco de Desarrollo de América Latina y el Caribe","10,100,000",0,"USD","https://d-portal.iatistandard.org/ctrack.html#view=act&aid=XM-DAC-46008-cfa902404",2
"XM-DAC-46008-cfa902406","Sa Impact Forestry Fund","CAF Banco de Desarrollo de América Latina y el Caribe","15,000,000",0,"USD","https://d-portal.iatistandard.org/ctrack.html#view=act&aid=XM-DAC-46008-cfa902406",2
"XM-DAC-46008-cfa902408","DIC LATIN AMERICAN FUND IV, LP","CAF Banco de Desarrollo de América Latina y el Caribe","15,100,000",0,"USD","https://d-portal.iatistandard.org/ctrack.html#view=act&aid=XM-DAC-46008-cfa902408",2
"XM-DAC-46008-cfc003359","Garantía Soberana a favor de Concesionaria Transvase Olmos","CAF Banco de Desarrollo de América Latina y el Caribe","15,264,970",0,"USD","https://d-portal.iatistandard.org/ctrack.html#view=act&aid=XM-DAC-46008-cfc003359",2
"XM-DAC-46008-cfc007956","Proyecto de Irrigación en Olmos","CAF Banco de Desarrollo de América Latina y el Caribe","16,219,433",0,"USD","https://d-portal.iatistandard.org/ctrack.html#view=act&aid=XM-DAC-46008-cfc007956",2
"XM-DAC-46008-cfc008353","Reserva Fría de Generación - Planta Eten","CAF Banco de Desarrollo de América Latina y el Caribe","17,248,242",0,"USD","https://d-portal.iatistandard.org/ctrack.html#view=act&aid=XM-DAC-46008-cfc008353",2
"XM-DAC-46008-cfc011765","Línea 6 del Metro de Sao Paulo","CAF Banco de Desarrollo de América Latina y el Caribe","38,736,416",0,"USD","https://d-portal.iatistandard.org/ctrack.html#view=act&aid=XM-DAC-46008-cfc011765",2
"XM-DAC-46008-cfc012385","Conversión de Deuda por Naturaleza para el Programa de Conservación del Río Lempa","CAF Banco de Desarrollo de América Latina y el Caribe","200,000",0,"USD","https://d-portal.iatistandard.org/ctrack.html#view=act&aid=XM-DAC-46008-cfc012385",2
"XM-DAC-46008-cfl0000000620","Banco Bradesco","CAF Banco de Desarrollo de América Latina y el Caribe","250,000,000","250,000,000","USD","https://d-portal.iatistandard.org/ctrack.html#view=act&aid=XM-DAC-46008-cfl0000000620",2
"XM-DAC-46008-cfl0000001003","SANTANDER BRASIL","CAF Banco de Desarrollo de América Latina y el Caribe","400,000,000","200,000,000","USD","https://d-portal.iatistandard.org/ctrack.html#view=act&aid=XM-DAC-46008-cfl0000001003",2
"XM-DAC-46008-cfl0000002469","BANCOP, &nbsp;BANCO PARA LA COMERCIALIZACIóN Y LA PRODUCCIóN S.A.","CAF Banco de Desarrollo de América Latina y el Caribe","12,000,000",0,"USD","https://d-portal.iatistandard.org/ctrack.html#view=act&aid=XM-DAC-46008-cfl0000002469",2
"XM-DAC-46008-cfl0000003069","Línea de crédito revolvente no comprometida","CAF Banco de Desarrollo de América Latina y el Caribe","140,000,000","21,092,000","USD","https://d-portal.iatistandard.org/ctrack.html#view=act&aid=XM-DAC-46008-cfl0000003069",2
"XM-DAC-46008-cfl0000003203","Desenvolve Sp Agência de Fomento do Estado de São Paulo S/A","CAF Banco de Desarrollo de América Latina y el Caribe","49,987,176","5,554,131","USD","https://d-portal.iatistandard.org/ctrack.html#view=act&aid=XM-DAC-46008-cfl0000003203",2
"XM-DAC-46008-cfl0000003213","Banco Regional de Desenvolvimento do Extremo Sul (BRDE)","CAF Banco de Desarrollo de América Latina y el Caribe","143,762,610","98,276,384","USD","https://d-portal.iatistandard.org/ctrack.html#view=act&aid=XM-DAC-46008-cfl0000003213",2
"XM-DAC-46008-cfl0000003265","Banco de Desenvolvimento de Minas Gerais S.A.","CAF Banco de Desarrollo de América Latina y el Caribe","100,000,000","22,222,222","USD","https://d-portal.iatistandard.org/ctrack.html#view=act&aid=XM-DAC-46008-cfl0000003265",2
"XM-DAC-46008-cfl0000003406","Corporación Interamericana para el Financiamiento de Infraestructura, S.A.","CAF Banco de Desarrollo de América Latina y el Caribe","10,000,000","9,000,000","USD","https://d-portal.iatistandard.org/ctrack.html#view=act&aid=XM-DAC-46008-cfl0000003406",2
"XM-DAC-46008-cfl0000003412","Santander Chile","CAF Banco de Desarrollo de América Latina y el Caribe","50,000,000","50,000,000","USD","https://d-portal.iatistandard.org/ctrack.html#view=act&aid=XM-DAC-46008-cfl0000003412",2
"XM-DAC-46008-cfl0000003432","Banco de Comercio Exterior S.A. (Bancoldex)","CAF Banco de Desarrollo de América Latina y el Caribe","190,000,000","140,000,000","USD","https://d-portal.iatistandard.org/ctrack.html#view=act&aid=XM-DAC-46008-cfl0000003432",2
"XM-DAC-46008-cfl0000003438","Banco Latinoamericano de Comercio Exterior S.A.","CAF Banco de Desarrollo de América Latina y el Caribe","150,000,000","150,000,000","USD","https://d-portal.iatistandard.org/ctrack.html#view=act&aid=XM-DAC-46008-cfl0000003438",2
"XM-DAC-46008-cfl0000003441","BANCO DE OCCIDENTE","CAF Banco de Desarrollo de América Latina y el Caribe","52,000,000","52,000,000","USD","https://d-portal.iatistandard.org/ctrack.html#view=act&aid=XM-DAC-46008-cfl0000003441",2
"XM-DAC-46008-cfl0000003442","Davivienda Panamá","CAF Banco de Desarrollo de América Latina y el Caribe",0,0,"USD","https://d-portal.iatistandard.org/ctrack.html#view=act&aid=XM-DAC-46008-cfl0000003442",2
"XM-DAC-46008-cfl0000003443","GLOBAL BANK CORPORATION","CAF Banco de Desarrollo de América Latina y el Caribe","50,000,000","50,000,000","USD","https://d-portal.iatistandard.org/ctrack.html#view=act&aid=XM-DAC-46008-cfl0000003443",2
"XM-DAC-46008-cfl0000003445","BANCO NACIONAL DE COMERCIO EXTERIOR, MéXICO","CAF Banco de Desarrollo de América Latina y el Caribe","400,000,000","200,000,000","USD","https://d-portal.iatistandard.org/ctrack.html#view=act&aid=XM-DAC-46008-cfl0000003445",2
"XM-DAC-46008-cfl0000003476","Banco Bolivariano","CAF Banco de Desarrollo de América Latina y el Caribe",0,0,"USD","https://d-portal.iatistandard.org/ctrack.html#view=act&aid=XM-DAC-46008-cfl0000003476",2
"XM-DAC-46008-cfl0000003477","Agencia de Fomento Paraná S.A.","CAF Banco de Desarrollo de América Latina y el Caribe","6,000,000","2,250,000","USD","https://d-portal.iatistandard.org/ctrack.html#view=act&aid=XM-DAC-46008-cfl0000003477",2
"XM-DAC-46008-cfl0000003481","Banco del Pacífico","CAF Banco de Desarrollo de América Latina y el Caribe",0,0,"USD","https://d-portal.iatistandard.org/ctrack.html#view=act&aid=XM-DAC-46008-cfl0000003481",2
"XM-DAC-46008-cfl0000003483","Banco Internacional S.A.","CAF Banco de Desarrollo de América Latina y el Caribe","7,500,000",0,"USD","https://d-portal.iatistandard.org/ctrack.html#view=act&aid=XM-DAC-46008-cfl0000003483",2
"XM-DAC-46008-cfl0000003492","BANCO DE GUAYAQUIL S.A.","CAF Banco de Desarrollo de América Latina y el Caribe","41,500,000","37,250,000","USD","https://d-portal.iatistandard.org/ctrack.html#view=act&aid=XM-DAC-46008-cfl0000003492",2
"XM-DAC-46008-cfl0000003529","Banco Davivienda S.A.","CAF Banco de Desarrollo de América Latina y el Caribe","118,000,000","118,000,000","USD","https://d-portal.iatistandard.org/ctrack.html#view=act&aid=XM-DAC-46008-cfl0000003529",2
"XM-DAC-46008-cfl0000003530","BBVA Colombia S.A.","CAF Banco de Desarrollo de América Latina y el Caribe","116,000,000","116,000,000","USD","https://d-portal.iatistandard.org/ctrack.html#view=act&aid=XM-DAC-46008-cfl0000003530",2
"XM-DAC-46008-cfl0000003533","SCOTIABANK CHILE","CAF Banco de Desarrollo de América Latina y el Caribe","100,000,000","100,000,000","USD","https://d-portal.iatistandard.org/ctrack.html#view=act&aid=XM-DAC-46008-cfl0000003533",2
"XM-DAC-46008-cfl0000003545","Banco Sudameris","CAF Banco de Desarrollo de América Latina y el Caribe","55,479,848","39,191,980","USD","https://d-portal.iatistandard.org/ctrack.html#view=act&aid=XM-DAC-46008-cfl0000003545",2
"XM-DAC-46008-cfl0000003580","Banco de Desarrollo Productivo S.A.M.","CAF Banco de Desarrollo de América Latina y el Caribe","17,872,240",0,"USD","https://d-portal.iatistandard.org/ctrack.html#view=act&aid=XM-DAC-46008-cfl0000003580",2
"XM-DAC-46008-cfl0000003619","Banco Improsa S.A","CAF Banco de Desarrollo de América Latina y el Caribe","20,000,000","15,000,000","USD","https://d-portal.iatistandard.org/ctrack.html#view=act&aid=XM-DAC-46008-cfl0000003619",2
"XM-DAC-46008-cfl0000003624","Banco del Estado de Chile","CAF Banco de Desarrollo de América Latina y el Caribe","270,000,000","270,000,000","USD","https://d-portal.iatistandard.org/ctrack.html#view=act&aid=XM-DAC-46008-cfl0000003624",2
"XM-DAC-46008-cfl0000003683","BANCO PARA EL FOMENTO A INCIATIVAS ECONOMICAS S.A. - BANCO FIE S.A.","CAF Banco de Desarrollo de América Latina y el Caribe","4,963,076","4,963,076","USD","https://d-portal.iatistandard.org/ctrack.html#view=act&aid=XM-DAC-46008-cfl0000003683",2
"XM-DAC-46008-cfl0000003735","FONDO FINANCIERO PARA EL DESARROLLO DE LA CUENCA DEL PLATA - FONPLATA","CAF Banco de Desarrollo de América Latina y el Caribe","125,000,000","100,000,000","USD","https://d-portal.iatistandard.org/ctrack.html#view=act&aid=XM-DAC-46008-cfl0000003735",2
"XM-DAC-46008-cfl0000003786","Banco Continental","CAF Banco de Desarrollo de América Latina y el Caribe","46,677,028","2,500,000","USD","https://d-portal.iatistandard.org/ctrack.html#view=act&aid=XM-DAC-46008-cfl0000003786",2
"XM-DAC-46008-cfl0000003792","AGENCIA FINANCIERA DE DESARROLLO","CAF Banco de Desarrollo de América Latina y el Caribe","60,000,000","60,000,000","USD","https://d-portal.iatistandard.org/ctrack.html#view=act&aid=XM-DAC-46008-cfl0000003792",2
"XM-DAC-46008-cfl0000003813","Banco de Desarrollo y Exportaciones (BANDEX)","CAF Banco de Desarrollo de América Latina y el Caribe","4,778,283","2,389,142","USD","https://d-portal.iatistandard.org/ctrack.html#view=act&aid=XM-DAC-46008-cfl0000003813",2
"XM-DAC-46008-cfl0000003946","Línea de Crédito Rotativa y Comprometida ENEL CHILE S.A.","CAF Banco de Desarrollo de América Latina y el Caribe","200,000,000","100,000,000","USD","https://d-portal.iatistandard.org/ctrack.html#view=act&aid=XM-DAC-46008-cfl0000003946",2
"XM-DAC-46008-cfl0000004056","BANCOP, &nbsp;BANCO PARA LA COMERCIALIZACIóN Y LA PRODU","CAF Banco de Desarrollo de América Latina y el Caribe","9,726,743","9,726,743","USD","https://d-portal.iatistandard.org/ctrack.html#view=act&aid=XM-DAC-46008-cfl0000004056",2
"XM-DAC-46008-cfl0000004065","FONDO MI VIVIENDA S.A.","CAF Banco de Desarrollo de América Latina y el Caribe","50,000,000","50,000,000","USD","https://d-portal.iatistandard.org/ctrack.html#view=act&aid=XM-DAC-46008-cfl0000004065",2
"XM-DAC-46008-cfx0000001163","Programa de Infraestructura Social y Económica en Zonas Marginadas","CAF Banco de Desarrollo de América Latina y el Caribe","250,000,000",0,"USD","https://d-portal.iatistandard.org/ctrack.html#view=act&aid=XM-DAC-46008-cfx0000001163",2
"XM-DAC-46008-cfx0000004106","Proyecto de Ampliación del Acueducto Oriental Barrera de Salinidad y Transferencia de Santo Domingo Norte, segunda fase","CAF Banco de Desarrollo de América Latina y el Caribe","35,000,000",0,"USD","https://d-portal.iatistandard.org/ctrack.html#view=act&aid=XM-DAC-46008-cfx0000004106",2
"XM-DAC-46008-cfx0000004238","Proyecto de Mejoras de Infraestructura de Redes Eléctricas en la Provincia de Misiones","CAF Banco de Desarrollo de América Latina y el Caribe","75,000,000",0,"USD","https://d-portal.iatistandard.org/ctrack.html#view=act&aid=XM-DAC-46008-cfx0000004238",2
"XM-DAC-46008-cfx0000004254","Proyecto de Construcción de la presa sobre el Arroyo Casupá en la cuenca del Río Santa Lucía","CAF Banco de Desarrollo de América Latina y el Caribe","130,000,000",0,"USD","https://d-portal.iatistandard.org/ctrack.html#view=act&aid=XM-DAC-46008-cfx0000004254",2